,region,Total Profit
0,Central,236121.19999999995
1,East,295773.79999999993
2,South,202731.59999999998
3,West,305289.6
